label,excluded,overall_score_mean,overall_score_std,carbon_per_completed_job_mean,avg_jct_mean,tail_jct_mean,cfg
base,none,0.0,0.0,0.435612171497792,1.2621595595661117,5.435416666666662,"{'hard_wait_guard': 0.6684, 'soft_wait_guard': 0.4512, 'green_weight': 0.0236, 'soft_penalty_carbon': 0.0667, 'soft_penalty_carbon_guarded': 0.0214, 'bonus_scale': 0.9441, 'model_weights': {'rf': 0.5891589158915891, 'et': 0.20662066206620663, 'gb': 0.17511751175117513, 'lr': 0.029102910291029103}}"
no_gb,gb,0.0,0.0,0.43693534447334237,1.2311836051276928,5.40833333333333,"{'hard_wait_guard': 0.6684, 'soft_wait_guard': 0.4512, 'green_weight': 0.0236, 'soft_penalty_carbon': 0.0667, 'soft_penalty_carbon_guarded': 0.0214, 'bonus_scale': 0.9441, 'model_weights': {'rf': 0.7142337536372454, 'et': 0.25048496605237636, 'gb': 0.0, 'lr': 0.03528128031037828}}"
no_et,et,0.0,0.0,0.4345815255018775,1.2905056659134155,5.435156249999996,"{'hard_wait_guard': 0.6684, 'soft_wait_guard': 0.4512, 'green_weight': 0.0236, 'soft_penalty_carbon': 0.0667, 'soft_penalty_carbon_guarded': 0.0214, 'bonus_scale': 0.9441, 'model_weights': {'rf': 0.7425942266481784, 'et': 0.0, 'gb': 0.22072355981343755, 'lr': 0.03668221353838397}}"
no_lr,lr,0.0,0.0,0.4360915604318515,1.2545460861138955,5.426041666666663,"{'hard_wait_guard': 0.6684, 'soft_wait_guard': 0.4512, 'green_weight': 0.0236, 'soft_penalty_carbon': 0.0667, 'soft_penalty_carbon_guarded': 0.0214, 'bonus_scale': 0.9441, 'model_weights': {'rf': 0.6068191182529872, 'et': 0.21281417387721469, 'gb': 0.1803667078697981, 'lr': 0.0}}"
no_rf,rf,0.0,0.0,0.4345214944547552,1.3483455587967108,5.564583333333328,"{'hard_wait_guard': 0.6684, 'soft_wait_guard': 0.4512, 'green_weight': 0.0236, 'soft_penalty_carbon': 0.0667, 'soft_penalty_carbon_guarded': 0.0214, 'bonus_scale': 0.9441, 'model_weights': {'rf': 0.0, 'et': 0.502921129503408, 'gb': 0.4262414800389484, 'lr': 0.07083739045764363}}"
rf_heavy,none,0.0,0.0,0.43585115176767686,1.2572808062751766,5.3932291666666625,"{'hard_wait_guard': 0.6684, 'soft_wait_guard': 0.4512, 'green_weight': 0.0236, 'soft_penalty_carbon': 0.0667, 'soft_penalty_carbon_guarded': 0.0214, 'bonus_scale': 0.9441, 'model_weights': {'rf': 0.7, 'et': 0.15, 'gb': 0.1, 'lr': 0.05}}"
et_heavy,none,0.0,0.0,0.43634730342822525,1.2415983990325319,5.371874999999996,"{'hard_wait_guard': 0.6684, 'soft_wait_guard': 0.4512, 'green_weight': 0.0236, 'soft_penalty_carbon': 0.0667, 'soft_penalty_carbon_guarded': 0.0214, 'bonus_scale': 0.9441, 'model_weights': {'rf': 0.2, 'et': 0.6, 'gb': 0.15, 'lr': 0.05}}"
gb_light,none,0.0,0.0,0.43571545891346053,1.2610688831059431,5.442968749999996,"{'hard_wait_guard': 0.6684, 'soft_wait_guard': 0.4512, 'green_weight': 0.0236, 'soft_penalty_carbon': 0.0667, 'soft_penalty_carbon_guarded': 0.0214, 'bonus_scale': 0.9441, 'model_weights': {'rf': 0.55, 'et': 0.25, 'gb': 0.1, 'lr': 0.1}}"
rand_1,none,0.0,0.0,0.43459617974930087,1.2971031127819337,5.499479166666663,"{'hard_wait_guard': 0.6684, 'soft_wait_guard': 0.4512, 'green_weight': 0.0236, 'soft_penalty_carbon': 0.0667, 'soft_penalty_carbon_guarded': 0.0214, 'bonus_scale': 0.9441, 'model_weights': {'rf': 0.3246757171249299, 'et': 0.3154901162043158, 'gb': 0.32204942055713975, 'lr': 0.03778474611361475}}"
rand_2,none,0.0,0.0,0.4264811530274495,1.6707889253610881,6.47317708333333,"{'hard_wait_guard': 0.6684, 'soft_wait_guard': 0.4512, 'green_weight': 0.0236, 'soft_penalty_carbon': 0.0667, 'soft_penalty_carbon_guarded': 0.0214, 'bonus_scale': 0.9441, 'model_weights': {'rf': 0.014232233398534218, 'et': 0.2391858568224978, 'gb': 0.23215517534604774, 'lr': 0.5144267344329202}}"
rand_3,none,0.0,0.0,0.437264172855682,1.3145835957426169,5.552083333333329,"{'hard_wait_guard': 0.6684, 'soft_wait_guard': 0.4512, 'green_weight': 0.0236, 'soft_penalty_carbon': 0.0667, 'soft_penalty_carbon_guarded': 0.0214, 'bonus_scale': 0.9441, 'model_weights': {'rf': 0.034697272773258694, 'et': 0.45795037286628487, 'gb': 0.03082126860365966, 'lr': 0.47653108575679687}}"
rand_4,none,0.0,0.0,0.4339034833836205,1.3243041433962044,5.4934895833333295,"{'hard_wait_guard': 0.6684, 'soft_wait_guard': 0.4512, 'green_weight': 0.0236, 'soft_penalty_carbon': 0.0667, 'soft_penalty_carbon_guarded': 0.0214, 'bonus_scale': 0.9441, 'model_weights': {'rf': 0.49415934909221315, 'et': 0.1104283914697254, 'gb': 0.35152195129270203, 'lr': 0.04389030814535947}}"
rand_5,none,0.0,0.0,0.42641041245718664,1.7239452829527948,6.67317708333333,"{'hard_wait_guard': 0.6684, 'soft_wait_guard': 0.4512, 'green_weight': 0.0236, 'soft_penalty_carbon': 0.0667, 'soft_penalty_carbon_guarded': 0.0214, 'bonus_scale': 0.9441, 'model_weights': {'rf': 0.053213482286030615, 'et': 0.183143517682574, 'gb': 0.5236665500376122, 'lr': 0.23997644999378326}}"
rand_6,none,0.0,0.0,0.42993012206963,1.600852192513238,6.276562499999997,"{'hard_wait_guard': 0.6684, 'soft_wait_guard': 0.4512, 'green_weight': 0.0236, 'soft_penalty_carbon': 0.0667, 'soft_penalty_carbon_guarded': 0.0214, 'bonus_scale': 0.9441, 'model_weights': {'rf': 0.27499578401909686, 'et': 0.04928912320509844, 'gb': 0.4051946182877172, 'lr': 0.27052047448808764}}"
rand_7,none,0.0,0.0,0.4343318565413038,1.295588146288254,5.45520833333333,"{'hard_wait_guard': 0.6684, 'soft_wait_guard': 0.4512, 'green_weight': 0.0236, 'soft_penalty_carbon': 0.0667, 'soft_penalty_carbon_guarded': 0.0214, 'bonus_scale': 0.9441, 'model_weights': {'rf': 0.4090341537674069, 'et': 0.2601459415901274, 'gb': 0.28274523169692356, 'lr': 0.04807467294554224}}"
rand_8,none,0.0,0.0,0.43146460785483964,1.5080830123504383,5.94348958333333,"{'hard_wait_guard': 0.6684, 'soft_wait_guard': 0.4512, 'green_weight': 0.0236, 'soft_penalty_carbon': 0.0667, 'soft_penalty_carbon_guarded': 0.0214, 'bonus_scale': 0.9441, 'model_weights': {'rf': 0.07134379812237883, 'et': 0.2721858839807403, 'gb': 0.15437051880963848, 'lr': 0.5020997990872424}}"
